mp_code,product_name,cas_number
MP 001,hyflo s cell Celite,
MP 002,Hidroxido de aluminio,
MP 003,Bentonita sódica - barreal,
MP 004,Tripolifosfato de sódio,
MP 005,Tanfloc SG pó,
MP 006,Policloreto de alumínio pó,
MP 007,Umectante DO 400,
MP 008,Surfonic af 1445,
MP 009,amonia,
MP 010,Monoetanolamina (MEA),
MP 011,Tanfloc SG 33 líquido,
MP 012,soda cáustica líquida 50%,
MP 013,sulfito de sódio,
MP 014,ácido acético glacial,
MP 015,óleo mineral RR,
MP 016,Surfcane AF 55,
MP 017,Lecitina de soja,
MP 018,água,
MP 019,Peróxido de hidrogênio,
MP 020,fluent 149,
MP 021,fluent 113,
MP 022,sulfuricinado 80,
MP 023,Polimero anionico po eng,
MP 024,sulfato de cobre,
MP 025,Renex 95,
MP 026,alcool,
MP 027,Carbendazim,
MP 028,oléo 140 PNE- neutro leve,
MP 029,oléo de soja refinado,
MP 030,corante laranja texnyl RGG,
MP 031,Biomix,
MP 032,sulfato de manganes,
MP 033,diasil,
MP 034,MAP pó,
MP 035,percarbonato de sódio,
MP 036,uréia,
MP 037,sulfato de magnésio,
MP 038,sulfato de zinco,
MP 039,extrato pirolenhoso,
MP 040,Polimero Cationico po Axfloc ap9610w,
MP 041,ácido fosfórico industrial,7664-38-2
MP 042,isotiazolona,
MP 043,ultranex NP 40,
MP 044,acido fosforico ind. 30% P2O5,
MP 045,poliacrilato de sódio 45%,
MP 046,polimero pó catiônico,
MP 047,aluminato de sódio,
MP 048,smart LPA,
MP 049,quartenário de amônio 50%,
MP 050,sulfato de alumínio líquido isento de Fe,
MP 051,tetracetiletilenodiamina (TAED AZUL),
MP 052,ácido fosfórico GA 85,7664-38-2
MP 053,óleo de soja recuperado,
MP 054,PAC 1840,
MP 055,gluconato de sódio,
MP 056,smart HFE,
MP 057,polimero aniônico 934 VHM PÓ,
MP 058,poliamina FL 3249 PWG,
MP 059,emulsogen 5781,
MP 060,blend solv,
MP 061,butilglicol,
MP 062,solbrax eco sp,
MP 063,sulfato de amônio,
MP 064,Fosfato di sodio anidro,
MP 065,POLIMERO CATIONICO PO C19,
MP 066,polimero cationico C20H,
MP 067,(resina acrílica 45%),
MP 068,extrato de lupulo,
MP 069,Goma xantana 80 mesh,
MP 070,ácido fúlvico,
MP 071,Surfcane AF 44,
MP 072,metabissulfito de sódio,
MP 073,silicato líquido alcalino,
MP 074,estearato de alumínio,
MP 075,solvente ED 400 Cera,
MP 076,acido citrico liquido 50%,
MP 077,tixotrol  CMC,
MP 078,ucon blend,
MP 079,Hexalan L,
MP 080,Fluente 178,
MP 081,Formol 37%,
MP 082,carvão ativado crosscarbo A,
MP 083,permanganato de potássio,
MP 084,Oleo vegetal especial,
MP 085,oleo recuperado,
MP 086,óleo díesel S10,
MP 087,oleo graxo,
MP 088,Cloreto de sódio,
MP 089,Oleo recuperado especial,
MP 090,Silicone Silflex 953A,
MP 091,Surfata PH 4700,
MP 092,HEDP,
MP 093,Potassa cáustica escamas,
MP 094,Oleo de Palma,
MP 095,texanol,
MP 096,Monoestearato de glicerina AE,
MP 097,Tolitriazol,
MP 098,Pigmento amarelo Ocre ASOR,
MP 099,Pigmento azul ASRTT,
MP 100,Pigmento preto alta BLT CONC,
MP 101,Pigmento vermelho ASGR,
MP 102,Pigmento vermelho ASOB,
MP 103,xileno,
MP 104,Ácido cítrico anidro,
MP 105,Ácido peracético,
MP 106,Aprescryl 9497 (resina acrílica 50%),
MP 107,poliol 5512,
MP 108,Perolizante,
MP 109,Oleo de eucalipto,
MP 110,Dióxido de titânio (Lomon R996),13463-67-7
MP 111,Pol 3730,
MP 112,Pol 3370,
MP 113,EDA etilenodiamina,
MP 114,Ácido esteárico,
MP 115,C18,
MP 116,Acido Sulfamico,
MP 117,Glicerina Loira,
MP 118,Pigmento Amarelo AS3G,
MP 119,Pigmento Laranja ASR Extra,
MP 120,Funguran,
MP 121,hipoclorito de sódio 12%,
MP 122,corante pó amarelo metanil,
MP 123,corante azul PCILOIL 702,
MP 124,amido de milho,
MP 125,Silicone reativo FL 1500,
MP 126,EDTA tetrassódico em pó,
MP 127,Glicerina,
MP 128,Inibidor 506,
MP 129,Pigmento verde ASGQ,
MP 130,Resina alquídica fenolada,
MP 131,Sebo,
MP 132,Resina alquídica curta,
MP 133,resina para telha e concreto,
MP 134,Monoetilenoglicol,
MP 135,Aprescryl 9039K (resina emborrachada),
MP 136,Corante verde PCILOIL RXX,
MP 137,lonate LT 3,
MP 138,lonate DP 92,
MP 139,oleo flex par 842,
MP 140,mustranol 9199 MX,
MP 141,desmophen 3973 IO,
MP 142,Ácido Clorídrico,
MP 143,cipermetrina,
MP 144,Ácido nítrico 53%,
MP 145,D limoneno,
MP 146,Acido Formico,
MP 147,corante azul texnyl BL,
MP 148,essência de tutti-frutti,
MP 149,Polissorbato alkest TW 20,
MP 150,Polissorbato alkest TW 80,
MP 151,subacetato de chumbo,
MP 152,Ácido sulfúrico 69%,
MP 153,Ácido sulfônico 96%,
MP 154,Amida 90,
MP 155,Lauril,
MP 156,Unipol BS,
MP 157,Dióxido de Titânio (Katec SR-2377),
MP 158,Aprescryl 9026 (resina acrílica 50%),
MP 159,EM 533 (polímero emulsão aniônica),
MP 160,EM 440 CT (polímero emulsão catiônica),
MP 161,Silicone Pupsil AE 2558 BR,
MP 162,Celotex CMC,
MP 163,Bisteramida Microlizada,
MP 164,Acido Sulfurico 98%,
MP 165,EDTA Dissódico em pó,
MP 166,Bisteramida Vegetal Comarlub 2150,
MP 167,Propilenoglicol,
MP 168,Metassilicato de sódio,
MP 169,Arcol Polyol 11-34,
MP 170,Arcol Polyol F-3040,
MP 171,Arcol Polyol PPG 2000,
MP 172,Pigmento Violeta,
MP 173,Corante pó amarelo tartrazina,
MP 174,Amina Óxida Mirística,
MP 175,Corante pó rosa,
MP 176,Dioctil Sulfoccinato de sódio 70%,
MP 177,Clorito de sódio 30%,
MP 178,Bisteramida Animal Comarlub 21 SH,
MP 179,Praidmul MES SP 60,
MP 180,Solvente ED 310,
MP 181,essência capim limão,
MP 182,cloreto de amonio pó,
MP 183,Solthix T30105 (espessante alta),
MP 184,Solthix T30112 (espessante média),
MP 185,Corante pó verde multiuso técnico,
MP 186,Aquawan,
MP 187,cal hidratado,
MP 188,Álcool cetoestearílico,
MP 189,Corante pó violeta,
MP 190,Óleo de soja degomado,
MP 191,Monensina,
MP 192,Penicilina Potássica,
MP 193,Mix de Glicol,
MP 194,Mix de Polyol,
MP 195,Dispermol SK,
MP 196,Base de amaciante cationica,
MP 197,Virginiamicina,
MP 198,Sebo Hidrogenado,
MP 199,Cloreto Férrico,
MP 200,Antarox 149,
MP 201,Oxitetraciclina,
MP 202,Pluracol 1010,
MP 203,Polyol Voranol,
MP 204,TRIPolifosfato de sódio TEC,
MP 205,Sulfato de Sodio Anidro,
MP 206,Sulfato de alumínio po,
MP 207,Sulfato de cobalto,
MP 208,Ácido bórico,
MP 209,Sulfato de potássio,
MP 210,Oleo Neutro Medio,
MP 211,Ácido graxo destilado de soja,
MP 212,brancol,
MP 213,essência zics,
MP 214,essência coco,
MP 215,Parafina Gapwax 45 FN,
MP 216,Poliol 36,
MP 217,Genapol PF 10,
MP 218,Wanol F 3135,
MP 219,Ácido oxálico,
MP 220,Cloreto de alumínio (art floc 20),
MP 221,Poliol 56,
MP 222,Copolimero de bloco 3237,
MP 223,Poliol 15,
MP 224,Pigmento amarelo Texnyl GL,
MP 225,Sulfato de Ferro Mono Hidratado,
MP 226,Organo Sulfuroso,
MP 227,Poliol 45,
MP 228,Cloreto de potássio,
MP 229,Eng Plus 500,
MP 230,Acido Fluossilicico,
MP 231,Betaína,
MP 232,Turfa,
MP 233,corante verde texnyl BL,
MP 234,Silicone SF 8017,
MP 235,Nionic 850,
MP 236,Acido Fosforoso,
MP 237,Corante laranja tec po,
MP 238,Polimero anionico a319xlp kemtalosep,
MP 239,Polimero glc,
MP 242,POLIOL POLIETER PPG-3010 IBC,
MP 243,Sulfanol AF-400,
MP 244,Sulfanol CSF-962R,
MP 245,Monoestearato de Glicerina,
MP 246,Pigmento Rosa RIBL,
MP 247,Acido Tricloroisocianurico 90%,
MP 248,Dispermol A,
MP 249,Unifoam SI 106 antiespumante,
MP 250,Cipermetrina po,
MP 251,Silicone RG 21 dr,
MP 252,Dioxido de Cloro,
MP 253,Enzigrex es ferm,
MP 254,Kit Mc Probac,
MP 255,Paraformaldeido 91%,
MP 256,Oleo de Neem,
MP 257,Maxfert,
MP 258,Polyol LEP 5631D,
MP 259,Lonate T DP 620 B,
MP 260,CO 6000,
MP 261,Oleo de Mamona,
MP 262,Polimero Pó catiônico C1LA,
MP 263,Enxofre Pó,
MP 264,Monensina Liquida,
MP 265,Parafina 120/125,
MP 266,Oleo mineral regenerado,
MP 267,Arla 32,
MP 268,Trieta B,
MP 269,Perlite FA 1800,
MP 270,Clarigel NG,
MP 271,Celatom FW14,
MP 272,Nitrato de Amonio,
MP 273,Glifosato Maxfert,
MP 274,Antiespumante Art Disp 507,
MP 275,Oleo Vegetal,
MP 276,Linfolan MO 400,
MP 277,Sulfonol DPG 400,
MP 278,Polimero A3xl anionico,
MP 279,Parafina emulsão,
MP 280,Cera de Polietileno,
MP 281,Cera Madeira,
MP 282,Isocer 100 VG,
MP 283,Nionic 25R2,
MP 284,Prevol AD,
MP 285,Resina Norcryl 3000 50%,
MP 286,Resina Norcryl 3050 Pedra,
MP 287,Polimero po anionico AG50,
MP 288,Polimero po cationico C20H,
MP 289,Acido Estearico Palma,
MP 290,Clorato de Sodio,
MP 291,Bissulfito de Sodio,
MP 292,Taed Branco,
MP 293,Acido Ascorbico,
MP 294,Prevol 300,
MP 295,Bioquim SS,
MP 296,Protease Acida,
MP 297,Silicone Silfoam SH,
MP 298,Polimero Anionico AG30,
MP 299,Sorbato de Potassio,
MP 300,Polimero Anionico AX90,
MP 301,Polimero Cationico C40H,
MP 302,Polimero Emulsão Anionico AR036,
MP 303,Polimero Emulsão Cationico CR020,
MP 304,Nionic 900,
MP 305,Onispuma CR 2,
MP 306,Oh tec 430 ta,
MP 307,Blend AT 200,
